term,estimate,std.error,statistic,p.value,outcome,lwr,upr,reg,model_name
w1.GE_male_std,0.13901662376724996,0.2142941156705987,0.6487188102772676,0.5165201438090551,w5_a1c,-0.2809921250459838,0.5590253725804837,w5_a1c ~ race5 + sespc_al + nhood1_d + ins5 + edu5 +  w1.GE_male_std +  w5_anti_dm_med_use,Model 3
w4.GE_male_std,-0.33442652493202707,0.20461658943971806,-1.6344057236402731,0.10217368722734953,w5_a1c,-0.7354676708732931,0.06661462100923898,w5_a1c ~ race5 + sespc_al + nhood1_d + ins5 + edu5 +  w4.GE_male_std +  w5_anti_dm_med_use,Model 3
w1.GE_male_std,0.028557460744314287,0.06581775474772422,0.4338868874177407,0.664370582178629,w5_bp,-0.1004429681045153,0.15755788959314387,w5_bp ~ race5 + sespc_al + nhood1_d + ins5 + edu5 +  w1.GE_male_std +  w5_anti_htn,Model 3
w4.GE_male_std,-0.09549670065496148,0.08059250147758956,-1.1849328275474404,0.2360440067177098,w5_bp,-0.25345510097502805,0.062461699665105105,w5_bp ~ race5 + sespc_al + nhood1_d + ins5 + edu5 +  w4.GE_male_std +  w5_anti_htn,Model 3
w1.GE_male_std,0.04784897338021595,0.13486440075881792,0.35479320792583147,0.7227445170898321,w5_nhdl,-0.21648039490364343,0.3121783416640753,w5_nhdl ~ race5 + sespc_al + nhood1_d + ins5 + edu5 +  w1.GE_male_std +  w5_anti_hld_med_use,Model 3
w4.GE_male_std,-0.10145275393045688,0.12467340372698499,-0.813748168395421,0.4157892335483561,w5_nhdl,-0.3458081350653691,0.14290262720445537,w5_nhdl ~ race5 + sespc_al + nhood1_d + ins5 + edu5 +  w4.GE_male_std +  w5_anti_hld_med_use,Model 3
