term,estimate,std.error,statistic,p.value,outcome,lwr,upr,reg,model_name
w1.GE_male_std,0.003293856156367552,0.320038493385477,0.01029206243762746,0.9917882672558727,dx_cad5,-0.6239700645456275,0.6305577768583627,dx_cad5 ~ race5 + sespc_al + nhood1_d + ins5 + edu5 +  w1.GE_male_std,Model 1
w4.GE_male_std,0.08329240549666711,0.4368465243928704,0.19066743317330256,0.8487861551244671,dx_cad5,-0.772911049084857,0.9394958600781911,dx_cad5 ~ race5 + sespc_al + nhood1_d + ins5 + edu5 +  w4.GE_male_std,Model 1
w1.GE_male_std,-0.2907174364497318,0.1332983242142089,-2.1809534228093685,0.02918686170960747,dx_dm5,-0.5519773511091246,-0.029457521790339003,dx_dm5 ~ race5 + sespc_al + nhood1_d + ins5 + edu5 +  w1.GE_male_std,Model 1
w4.GE_male_std,-0.3288582136361564,0.15438015450466705,-2.130184509086074,0.03315638346333668,dx_dm5,-0.6314377563930327,-0.026278670879280097,dx_dm5 ~ race5 + sespc_al + nhood1_d + ins5 + edu5 +  w4.GE_male_std,Model 1
w1.GE_male_std,-0.11640521720793405,0.07288018827743077,-1.5972134534671876,0.11021813483364415,dx_hld5,-0.25924776141819655,0.026437327002328467,dx_hld5 ~ race5 + sespc_al + nhood1_d + ins5 + edu5 +  w1.GE_male_std,Model 1
w4.GE_male_std,-0.2514038057630389,0.09231734290683793,-2.7232565176485104,0.0064641844695896315,dx_hld5,-0.4323424730088754,-0.07046513851720235,dx_hld5 ~ race5 + sespc_al + nhood1_d + ins5 + edu5 +  w4.GE_male_std,Model 1
w1.GE_male_std,-0.18384810410073166,0.07243849226116154,-2.537989104437824,0.011149145543684024,dx_htn5,-0.3258249400269917,-0.04187126817447165,dx_htn5 ~ race5 + sespc_al + nhood1_d + ins5 + edu5 +  w1.GE_male_std,Model 1
w4.GE_male_std,-0.28319776676867214,0.07620370507101695,-3.716325426759106,2.0214119441188508e-4,dx_htn5,-0.43255428419637765,-0.13384124934096667,dx_htn5 ~ race5 + sespc_al + nhood1_d + ins5 + edu5 +  w4.GE_male_std,Model 1
