term,estimate,std.error,statistic,p.value,outcome,lwr,upr,reg,model_name
w1.GE_male_std,-0.18369266234905468,0.3268461986346949,-0.5620155997419504,0.5741053906355569,w5_anti_dm_med_use,-0.8242994401568811,0.4569141154587717,w5_anti_dm_med_use ~ race5 + sespc_al + nhood1_d + ins5 + edu5 +  w1.GE_male_std,Model 4
w4.GE_male_std,-0.4936113624308165,0.301980557455661,-1.6345799431252859,0.10213713503558094,w5_anti_dm_med_use,-1.0854823790752404,0.09825965421360738,w5_anti_dm_med_use ~ race5 + sespc_al + nhood1_d + ins5 + edu5 +  w4.GE_male_std,Model 4
w1.GE_male_std,0.14695024905777815,0.20101395795205457,0.7310450008293873,0.46475166650202443,w5_anti_hld_med_use,-0.24702986891809753,0.5409303670336538,w5_anti_hld_med_use ~ race5 + sespc_al + nhood1_d + ins5 + edu5 +  w1.GE_male_std,Model 4
w4.GE_male_std,0.05265354532078635,0.17003146320938806,0.3096694242755841,0.756812356438039,w5_anti_hld_med_use,-0.28060199880826137,0.3859090894498341,w5_anti_hld_med_use ~ race5 + sespc_al + nhood1_d + ins5 + edu5 +  w4.GE_male_std,Model 4
w1.GE_male_std,-0.40475985858706826,0.13985427172489787,-2.8941544194177804,0.0038018114308945353,w5_anti_htn,-0.6788691942519465,-0.1306505229221901,w5_anti_htn ~ race5 + sespc_al + nhood1_d + ins5 + edu5 +  w1.GE_male_std,Model 4
w4.GE_male_std,-0.40472000321013346,0.1306900778426715,-3.0967921198834016,0.0019562700775908643,w5_anti_htn,-0.6608678489185057,-0.14857215750176123,w5_anti_htn ~ race5 + sespc_al + nhood1_d + ins5 + edu5 +  w4.GE_male_std,Model 4
